trade_date,strategy_return,gross_return,benchmark_return,turnover,holding_count,strategy_nav,benchmark_nav,excess_return,excess_nav
20250102,-0.01885656620994855,-0.01785656620994855,-0.011839194018461785,1.0,50,0.9811434337900514,0.9881608059815382,-0.007017372191486765,0.9929826278085132
20250103,-0.0001749120227544473,0.00020508797724555272,-0.0016410144531968651,0.38,50,0.980971820007435,0.9865392198168399,0.0014661024304424178,0.9944384420525303
20250106,0.03633199404576335,0.036591994045763354,0.0071997925586930744,0.26,50,1.0166124823310068,0.993642097550536,0.029132201487070276,1.023408623112893
20250107,-0.006402447026607112,-0.006182447026607112,-0.0018150707349940953,0.21999999999999997,50,1.010103674766295,0.9918385668582139,-0.0045873762916130165,1.0187138626585925
20250108,0.005351875533348003,0.005531875533348003,-0.0024643624763153182,0.18000000000000005,50,1.0155096239094217,0.9893943171114862,0.007816238009663322,1.0266763726728756
20250109,-0.03329297702362945,-0.033152977023629446,-0.012539216550759513,0.14,50,0.9817002853333308,0.9769880875151344,-0.020753760472869934,1.0053689771512677
20250110,0.008553194037547618,0.008773194037547618,-0.0026705028286013732,0.21999999999999997,50,0.9900969583605026,0.9743790380639155,0.011223696866148991,1.0166529337894439
20250113,0.05905953403460601,0.05931953403460601,0.026333420460855406,0.26,50,1.0485716233703546,1.0000377709614965,0.032726113573750604,1.049924033165724
20250114,0.006222394267354558,0.006382394267354558,-0.006416240428871345,0.16000000000000003,50,1.055096249428525,0.9936212881850549,0.012638634696225903,1.063193639479694
20250115,0.00664463723618421,0.00686463723618421,0.001147937342895089,0.21999999999999997,50,1.062106981255236,0.9947619031664581,0.005496699893289121,1.0690376958443675
20250116,-0.0004327872637981466,-0.0003327872637981466,0.003146866542629967,0.09999999999999998,50,1.0616473148809575,0.9978922861174155,-0.0035796538064281134,1.065210910987223
20250117,0.01367723838295949,0.01387723838295949,0.004546679156274047,0.19999999999999996,50,1.0761677182852134,1.0024293821749122,0.009130559226685443,1.0749368822989034
20250120,-0.009860236248290065,-0.009600236248290065,0.0007671927581140991,0.26,50,1.065556450340138,1.0031984387374375,-0.010627429006404164,1.0635130668959063
20250121,-0.012304854170084072,-0.012064854170084072,-0.009288150425773356,0.24,50,1.0524449336087103,0.9938805807315433,-0.0030167037443107163,1.060304763044878
20250122,-0.0006017911545116304,-0.0004417911545116304,0.0017717331022466531,0.16000000000000003,50,1.051811581557054,0.9956414718561055,-0.0023735242567582836,1.0577881039702348
20250123,0.009025119503908009,0.00922511950390801,0.007655562720718434,0.19999999999999996,50,1.0613043067762007,1.0032636675912483,0.001369556783189575,1.0592368048432044
20250124,0.0009504460997869105,0.0011904460997869105,-0.004117939283883265,0.24,50,1.0623130193152632,0.9991322887223815,0.005068385383670175,1.064605425182717
20250127,0.01176232405911403,0.01202232405911403,-0.005762362551355316,0.26,50,1.0748082893006652,0.9933749262379977,0.017524686610469346,1.0832623016228495
20250205,0.018424517692198474,0.018684517692198473,0.012581168146756472,0.26,50,1.0946111136426069,1.0058727432177699,0.005843349545442002,1.0895921819006318
20250206,0.01517121237788099,0.01539121237788099,0.012977774668958997,0.21999999999999997,50,1.1112176913188676,1.0189267330248977,0.0021934377089219935,1.0919821344797591
20250207,0.01841975561937314,0.01863975561937314,0.00214735119259557,0.21999999999999997,50,1.131686049632885,1.0211147265602263,0.01627240442677757,1.1097513093988294
20250210,0.00484439198931266,0.00508439198931266,-0.004595312999142842,0.24,50,1.1371683804661434,1.016422384783648,0.009439704988455502,1.1202270343701066
20250211,0.002537132152237769,0.002737132152237769,0.009457950369587964,0.19999999999999996,50,1.1400535269267322,1.02603565725347,-0.006920818217350196,1.1124741467030697
20250212,-0.012176315501721142,-0.011956315501721142,-0.0037557192387680516,0.21999999999999997,50,1.1261718754940224,1.022182155395861,-0.00842059626295309,1.1031064510607098
20250213,0.003071956625181147,0.003251956625181147,0.008672852121708985,0.18000000000000005,50,1.129631426648039,1.031047390071059,-0.005600895496527838,1.0969280671067732
20250214,0.016952319878473777,0.017072319878473775,0.002129926858497555,0.12,50,1.1487812999373532,1.0332434455995552,0.014822393019976222,1.1131871660320727
20250217,-0.020185119469898583,-0.019965119469898582,-0.008769168289908702,0.21999999999999997,50,1.1255930121533324,1.0241827599406474,-0.011415951179989881,1.1004790756904592
20250218,0.02062225502643286,0.02086225502643286,0.006996887049368183,0.24,50,1.148805278305929,1.0313488510298623,0.013625367977064675,1.1154735080478015
20250219,0.024289217783130347,0.024549217783130347,-0.0028588431505905954,0.26,50,1.1767088599011115,1.028400386431226,0.027148060933720942,1.1457564508142346
20250220,0.0012342712409812663,0.0014742712409812663,0.012611202042792646,0.24,50,1.1781612378058952,1.0413697514853963,-0.01137693080181138,1.1327212589575921
20250221,0.00832222687751271,0.00852222687751271,-0.00219359629040905,0.19999999999999996,50,1.1879661629252072,1.0390854066615938,0.01051582316792176,1.1446327554153357
20250224,-0.008258121493660784,-0.007978121493660784,-0.011100640451211952,0.28,50,1.178155794021413,1.0275508931641422,0.0028425189575511673,1.1478863957220378
20250225,0.015866038195339383,0.016126038195339382,0.008735061870637661,0.26,50,1.1968484588494168,1.03652661379116,0.007130976324701721,1.1560719464333786
20250226,0.002595110409671946,0.002755110409671946,0.0020643235292401307,0.16000000000000003,50,1.199954412743777,1.0386663400686926,0.0005307868804318152,1.1566855742553808
20250227,-0.02029027242863226,-0.02009027242863226,-0.01967361890815733,0.19999999999999996,50,1.1756070108072663,1.0182320143214507,-0.0006166535204749288,1.1559723000239337
20250228,0.014844662862702461,0.015024662862702461,-0.000404853543350181,0.18000000000000005,50,1.1930585005417293,1.0178197794825001,0.015249516406052642,1.173600318578091
20250303,0.0154970372244922,0.0156770372244922,-0.0008365750079118994,0.18000000000000005,50,1.2115473725356214,1.0169682968924267,0.0163336122324041,1.1927694510975715
20250304,-0.00278907054030326,-0.0025690705403032597,0.004465589188650476,0.21999999999999997,50,1.2081682814507004,1.02150965952423,-0.007254659728953736,1.1841163145947675
20250305,0.019205542604942057,0.019405542604942056,0.013751525725120839,0.19999999999999996,50,1.2313718088540415,1.0355569758856367,0.005454016879821218,1.190574504962239
20250306,0.00014931095373973868,0.00032931095373973875,-0.0030894509881347343,0.18000000000000005,50,1.2315556661532299,1.032357673363217,0.003238761941874473,1.1944304923578768
20250307,0.015533773251832686,0.015733773251832686,-0.003857110761489757,0.19999999999999996,50,1.2506863726182638,1.028375755471581,0.019390884013322444,1.217591555497164
20250310,0.0025158324558050916,0.0027558324558050917,0.0032106226381793945,0.24,50,1.2538328899865299,1.031677481952653,-0.000694790182374303,1.2167455848382627
20250311,0.0036322207895183992,0.0037922207895183992,-0.003598757674812214,0.16000000000000003,50,1.2583870878761207,1.027964724696545,0.007230978464330613,1.2255438459587973
20250312,-0.008109347699112422,-0.007949347699112421,-0.003985555727998191,0.16000000000000003,50,1.2481823894404598,1.0238677139998507,-0.004123791971114231,1.220489958086584
20250313,0.025325108518292293,0.025505108518292293,0.02428108769263604,0.18000000000000005,50,1.279792743903661,1.04872833574914,0.0010440208256562548,1.2217641750203307
20250314,0.008766224844852014,0.008966224844852015,-0.00243827823527365,0.19999999999999996,50,1.2910116948515307,1.046171244273368,0.011204503080125664,1.2354534354825333
20250317,0.005201626178202175,0.005461626178202175,0.0027360222995087558,0.26,50,1.2977270550798357,1.0490335921268048,0.0024656038786934195,1.2384995742650042
20250318,-0.0066240438297282146,-0.006444043829728214,0.0006100970703337705,0.18000000000000005,50,1.2891308541879627,1.049673604448043,-0.007234140900061985,1.2295400938401044
20250319,-0.0007887229908585479,-0.000668722990858548,-0.008771752205892658,0.12,50,1.2881140870450396,1.0404661276927587,0.00798302921503411,1.2393555483302856
20250320,-0.01911132117001899,-0.018811321170018987,-0.015168886637703216,0.30000000000000004,50,1.263496525023896,1.0246834149514172,-0.003942434532315773,1.234469470218731
20250321,-0.014822163337406255,-0.014562163337406255,0.005148037563891261,0.26,50,1.2447687731537467,1.0299585236626836,-0.019970200901297516,1.2098168668919447
20250324,0.005001385138270485,0.005321385138270485,-0.0006489449174740258,0.31999999999999995,50,1.2509943411963809,1.0292901373135437,0.005650330055744511,1.216652731496891
20250325,0.020341241063741376,0.020581241063741377,-0.00329031765698351,0.24,50,1.2764411186600328,1.025903445800582,0.023631558720724886,1.2454041319639901
20250326,-0.003196053136703718,-0.003036053136703718,0.003330929367335367,0.16000000000000003,50,1.2723615450189218,1.0293206577162497,-0.006526982504039085,1.2372754009842033
20250327,-0.016230932770772134,-0.016030932770772135,-0.004385476729204085,0.19999999999999996,50,1.251709930321604,1.024806595924946,-0.011845456041568048,1.2226193096105313
20250328,-0.01171977450667018,-0.01143977450667018,-0.007116070832446364,0.28,50,1.237040172190475,1.0175139995987859,-0.004603703674223816,1.2169907326027003
20250331,0.019160253194986692,0.019400253194986693,9.736821308825583e-05,0.24,50,1.2607421751020143,1.0176130731187192,0.019062884981898436,1.2401900869623417
20250401,0.0028505051196860685,0.0030905051196860687,-0.0008483971215664798,0.24,50,1.2643359271267467,1.0167497331166169,0.0036989022412525483,1.2447774288545859
20250402,0.004651499418405776,0.004871499418405776,-0.005890866967951491,0.21999999999999997,50,1.2702169849564462,1.0107601956991268,0.010542366386357267,1.2579003285790387
20250403,-0.13521782618887168,-0.13499782618887168,-0.07045514967046262,0.21999999999999997,50,1.0984610054624528,0.9395469348301987,-0.06476267651840906,1.1764353365068738
20250407,0.051601421853822965,0.052081421853822966,0.017082996163803488,0.48,50,1.1551431551952955,0.9555972115136163,0.03451842569001948,1.2170440322491993
20250408,0.04791219903768271,0.04819219903768271,0.009870632380828193,0.28,50,1.2104886039640295,0.9650295602926118,0.038041566656854514,1.2633422939263343
20250409,0.04213023095837292,0.04243023095837292,0.013106454027012049,0.30000000000000004,50,1.2614867684215123,0.9776776758592945,0.02902377693136087,1.300009258853206
20250410,0.007111281598257554,0.007291281598257555,0.00412346061303448,0.18000000000000005,50,1.2704575560642335,0.9817090912479435,0.0029878209852230745,1.3038934537977918
20250411,0.015096602798413697,0.015216602798413697,0.0022998164492906703,0.12,50,1.2896371491603786,0.9839668419644136,0.012796786349123027,1.3205790997480622
20250414,0.00403124870844985,0.004191248708449851,0.0005566695508354425,0.16000000000000003,50,1.2948359972523005,0.984514586344367,0.003474579157614408,1.3251675563640282
20250415,-0.017334914376504647,-0.017094914376504646,0.003080265023603479,0.24,50,1.2723901261083157,0.987547152189911,-0.020415179400108126,1.2981140229656536
20250416,0.017058649100354817,0.017298649100354817,-0.00015858162768633832,0.24,50,1.2940953827883537,0.9873905453550996,0.017217230728041155,1.320463951610359
20250417,0.0026943004280435257,0.0027943004280435255,7.976730744463367e-05,0.09999999999999998,50,1.2975820645321294,0.9874693068402989,0.002614533120598892,1.3239163483464012
20250418,0.011067162584396781,0.011347162584396782,0.003275685794360994,0.28,50,1.3119426162069037,0.9907039460210831,0.007791476790035787,1.334231611846491
20250421,0.004364923449977954,0.004624923449977954,-0.00024529175372134393,0.26,50,1.3176691452974105,0.990460934512745,0.004610215203699298,1.340382706708682
20250422,0.00986381292715028,0.01000381292715028,0.0007743755325448909,0.14,50,1.330666387246502,0.9912279232263732,0.009089437394605389,1.352566031406122
20250423,-0.00437449147686118,-0.00419449147686118,-0.0006667753928667475,0.18000000000000005,50,1.3248453984769466,0.9905669968384434,-0.0037077160839944327,1.347551100576813
20250424,0.0014601097326996395,0.0017401097326996396,0.0006966308203342209,0.28,50,1.3267798181375852,0.991257056338047,0.0007634789123654186,1.3485799274254382
20250425,-0.014274502651609448,-0.013814502651609448,-0.001419305239403923,0.45999999999999996,50,1.3078406961054783,0.9898501600043903,-0.012855197412205525,1.3312436662322464
20250428,0.025410190316067782,0.025710190316067784,-0.0017299734177331771,0.30000000000000004,50,1.3410731770966169,0.9881377455400437,0.02714016373380096,1.367373837303375
20250429,0.017647391948905262,0.017947391948905263,-0.0011936711113711418,0.30000000000000004,50,1.3647396210850047,0.9869582340591372,0.018841063060276404,1.39313661399898
20250430,0.028012100480314595,0.028372100480314594,0.01007059806997379,0.36,50,1.4029688444803043,0.9968974937461978,0.017941502410340805,1.4181315779169767
20250506,0.011382023329618452,0.011722023329618452,0.006061269004120851,0.33999999999999997,50,1.4189374685989071,1.0029399576253275,0.0053207543254976016,1.4256771076443033
20250507,0.009341515958158696,0.009621515958158697,0.005550983955379785,0.28,50,1.432192495605453,1.008507261238315,0.0037905320027789118,1.4310811823464584
20250508,0.0020970870419792223,0.0022770870419792223,-0.0017492554886566758,0.18000000000000005,50,1.4351959279296072,1.0067431243762437,0.003846342530635898,1.4365856107629102
20250509,0.01085338137669599,0.01103338137669599,0.011557771724635346,0.18000000000000005,50,1.4507726566857082,1.0183788315931306,-0.0007043903479393553,1.4355736937247003
20250512,0.0002918650001667867,0.00045186500016678675,0.0014518804456762346,0.16000000000000003,50,1.4511960864473938,1.0198573959050112,-0.0011600154455094478,1.4339084060668126
20250513,-0.0005372734857212811,-0.0002972734857212811,0.012050664094831687,0.24,50,1.4504163972675632,1.0321473548076923,-0.012587937580552967,1.4158584565550134
20250514,0.0009574612386617589,0.001137461238661759,-0.009132557660878726,0.18000000000000005,50,1.4518051147478663,1.0227212095753875,0.010090018899540485,1.4301444951407278
20250515,0.004777944217576558,0.0050779442175765575,-0.004636006272728532,0.30000000000000004,50,1.4587417586009241,1.0179798676325436,0.009413950490305089,1.443607804611965
20250516,0.016945160611005927,0.01716516061100593,-0.003070156289188164,0.21999999999999997,50,1.4834603719903983,1.0148545103396647,0.02001531690019409,1.4725020723008666
20250519,0.008922661376348225,0.009142661376348225,0.005422855831583195,0.21999999999999997,50,1.4966967865549001,1.0203579200392687,0.00349980554476503,1.4776555432181833
20250520,0.0002263143858970753,0.00042631438589707527,0.004671473451456354,0.19999999999999996,50,1.4970355105690236,1.0251244949737155,-0.004445159065559278,1.471087129284473
20250521,-0.014783544677788496,-0.014543544677788496,-0.0006423277491894863,0.24,50,1.4749040192142906,1.02446602906422,-0.01414121692859901,1.4502841670683913
20250522,-0.00793719521029967,-0.00759719521029967,-0.008071560769940644,0.33999999999999997,50,1.4631974180973313,1.0161969892538885,0.00013436555964097506,1.450479035312138
20250523,0.017773882271127736,0.018033882271127736,-0.005709900802728041,0.26,50,1.4892041167460113,1.0103946052492179,0.023483783073855777,1.4845417703305837
20250526,0.006183112628899319,0.006443112628899319,-0.0053650848563330245,0.26,50,1.4984120335272724,1.0049737524536746,0.011548197485232344,1.5016855518694376
20250527,-0.0062113355073230144,-0.005931335507323015,-0.0008231240693037378,0.28,50,1.4891048936588243,1.0041465343690115,-0.005388211438019277,1.4935941526025465
20250528,0.02272257754512369,0.02294257754512369,0.005855530391425834,0.21999999999999997,50,1.52294119507781,1.010026344918454,0.016867047153697856,1.5187866756029809
20250529,-0.010943474139038872,-0.010663474139038872,-0.004785938517424926,0.28,50,1.5062749274941991,1.005192420930695,-0.0061575356216139465,1.509434692546323
20250530,0.008456587415315383,0.008676587415315382,0.0030676269245482057,0.21999999999999997,50,1.5190128730900516,1.0082759762654938,0.005388960490767177,1.5175689764678482
20250603,0.0075325499992758,0.007772549999275799,0.004343235940006185,0.24,50,1.530454913506146,1.0126551567230548,0.0031893140592696148,1.5224089805404084
20250604,0.003841965666275595,0.004041965666275595,0.002277949253231437,0.19999999999999996,50,1.5363348687376195,1.0149619337810931,0.001564016413044158,1.5247900531733394
20250605,0.010357250908217043,0.010557250908217044,-0.0009210957304880418,0.19999999999999996,50,1.5522470744521777,1.0140270566772795,0.011278346638705085,1.541987163944278
20250606,0.013659162950963904,0.013979162950963903,0.0029070330980449643,0.31999999999999995,50,1.573449470182277,1.0169748668933536,0.01075212985291894,1.558566810162541
20250609,-0.008477705847198766,-0.008217705847198766,-0.005091235023245155,0.26,50,1.560110228408641,1.011797208833266,-0.003386470823953611,1.553288769132743
20250610,0.00919972864269367,0.00941972864269367,0.007543723327272378,0.21999999999999997,50,1.5744628191626913,1.0194299270400107,0.0016560053154212918,1.555861023590811
20250611,0.0065838489303031026,0.006803848930303102,-0.0006229097475155543,0.21999999999999997,50,1.5848288445104377,1.0187949142015484,0.007206758677818657,1.5670737385240538
20250612,-0.016106383690675203,-0.015846383690675203,-0.007198244118646335,0.26,50,1.5593029830567031,1.0114613797022904,-0.008908139572028868,1.5531140269416206
20250613,0.012437392024947293,0.012617392024947292,0.002487693256285839,0.18000000000000005,50,1.578696645542649,1.0139775853555695,0.009949698768661454,1.5685670436630723
20250616,-0.00110742180983465,-0.0009274218098346499,-0.0008819516551094031,0.18000000000000005,50,1.5769483624462621,1.0130833061459212,-0.0002254701547252469,1.5682133786090406
20250617,-0.006128250531805832,-0.005928250531805832,0.0011864989125354164,0.19999999999999996,50,1.5672844278054705,1.014285328386971,-0.007314749444341248,1.5567422906692516
20250618,-0.022877208293462927,-0.022657208293462926,-0.008227055543231554,0.21999999999999997,50,1.5314293354954638,1.0059407466536465,-0.014650152750231373,1.533935778318202
20250619,-0.005007781196074115,-0.004707781196074115,0.0009245422018608895,0.30000000000000004,50,1.5237602724660533,1.0068707813264992,-0.005932323397935004,1.5248359752095553
20250620,0.022095240166565812,0.022435240166565812,0.002926524815408671,0.33999999999999997,50,1.5574281216424624,1.009817413653961,0.01916871535115714,1.5540651219755512
20250623,0.0289563919375837,0.0291563919375837,0.011957951441788905,0.19999999999999996,50,1.6025256207473564,1.021892761251508,0.016998440495794794,1.5804818054780427
20250624,0.005257631181115113,0.005457631181115113,0.014352333286424601,0.19999999999999996,50,1.6109511094195337,1.0365593067439745,-0.009094702105309488,1.5661077942743582
20250625,-0.000488608324198527,-0.00020860832419852704,-0.00354708716738128,0.28,50,1.6101639852975944,1.0328825405287934,0.0030584788431827527,1.5708977018292898
20250626,0.005327719470231407,0.005507719470231407,-0.006148398405025679,0.18000000000000005,50,1.61874248731233,1.0265319671640272,0.011476117875257087,1.5889255090254533
20250627,0.01357857957814739,0.01379857957814739,0.003651755342974017,0.21999999999999997,50,1.6407227109928286,1.0302806107598521,0.009926824235173373,1.6046984932763322
20250630,0.00557831829642232,0.00583831829642232,0.0016978571391006447,0.26,50,1.6498751845109156,1.0320298800501078,0.0038804611573216756,1.6109254634487038
20250701,0.006854230201801565,0.007034230201801566,0.00023407448889889437,0.18000000000000005,50,1.6611838088297932,1.0322714519168088,0.006620155712902671,1.6215900408586141
20250702,0.00881827151344012,0.009038271513440119,0.006182720125535335,0.21999999999999997,50,1.675832578689785,1.0386536973975904,0.0026355513879047845,1.6258638247414117
20250703,-0.009218874467660773,-0.008998874467660773,0.003562388906882541,0.21999999999999997,50,1.6603832885180276,1.0423537858072922,-0.012781263374543314,1.6050832309862493
20250704,0.008960198016642506,0.009200198016642507,-0.004276225568990322,0.24,50,1.6752606515666733,1.0378964458964892,0.013236423585632828,1.6263287925217793
20250707,0.00963395151106959,0.00987395151106959,0.008392593859549047,0.24,50,1.6914000314522692,1.0466070892351678,0.0012413576515205426,1.6283476482122643
20250708,0.0035208409790848916,0.003760840979084892,-0.001763707246055457,0.24,50,1.6973551819950317,1.0447611807281107,0.005284548225140349,1.6369527298865356
20250709,0.010552227181865936,0.010792227181865937,0.004665956105733837,0.24,50,1.7152660594837605,1.0496359905383628,0.005886271076132099,1.6465882773934621
20250710,-0.0015194297418266852,-0.0012794297418266853,0.0011926860393338679,0.24,50,1.7126598332178349,1.0508878767306602,-0.002712115781160553,1.6421225393412693
20250711,0.008807130020453219,0.008947130020453218,0.0007125622726074088,0.14,50,1.7277434510497922,1.051636699784359,0.00809456774784581,1.655414811486232
20250714,-0.013018203395445562,-0.012858203395445562,0.00034761460367627173,0.16000000000000003,50,1.705251335388877,1.052002264058966,-0.013365817999121834,1.6332888384028563
20250715,0.007599862566075821,0.007799862566075821,-0.0029515575814113015,0.19999999999999996,50,1.7182110111784497,1.0488972188008208,0.010551420147487122,1.6505223551590462
20250716,0.0032122378820313613,0.0033722378820313613,0.00681001374051049,0.16000000000000003,50,1.7237303136778805,1.0560402232732375,-0.0035977758584791286,1.644584145675775
20250717,-0.00029481739562666956,-3.481739562666952e-05,0.005962982691001262,0.26,50,1.7232221279960394,1.062337372845617,-0.006257800086627931,1.6342926668664983
20250718,0.019724872458391395,0.019884872458391396,0.006667063195941569,0.16000000000000003,50,1.757212464688239,1.0694200432457892,0.013057809262449826,1.6556329487894614
20250721,0.011037506151491525,0.011257506151491525,0.008163046119558537,0.21999999999999997,50,1.776607708076713,1.0781497683799848,0.002874460031932988,1.660391999528308
20250722,-0.005961971847508964,-0.005761971847508964,0.00019672450184127221,0.19999999999999996,50,1.7660156229370922,1.0783618668560797,-0.006158696349350236,1.6501661493823228
20250723,0.008119772716825749,0.00827977271682575,0.0071043554995868785,0.16000000000000003,50,1.780355268409705,1.0860229329154234,0.0010154172172388704,1.6518417565017105
20250724,0.0029342531684078146,0.0031542531684078147,-0.005271922389312067,0.21999999999999997,50,1.7855792814969278,1.0802975043000802,0.008206175557719882,1.665397059949136
20250725,0.0006567148232770161,0.0008167148232770161,0.0020984873048641717,0.16000000000000003,50,1.7867518978792232,1.0825644948983304,-0.0014417724815871556,1.6629959362971851
20250728,-0.003242981571685168,-0.0030829815716851682,0.003917115239085778,0.16000000000000003,50,1.7809574944012274,1.0868050247785899,-0.007160096810770946,1.6510887243973786
20250729,-0.0028055708148328937,-0.0024655708148328937,-0.00018949790929712051,0.33999999999999997,50,1.7759608920324774,1.0865990774985808,-0.002616072905535773,1.646769355920847
20250730,-0.014549463796213748,-0.014249463796213748,-0.018222684852631565,0.30000000000000004,50,1.7501216133303594,1.0667983249481638,0.0036732210564178174,1.6528183037940791
20250731,0.007230453076763566,0.007470453076763566,-0.0050698411558057765,0.24,50,1.7627757855341741,1.061389826895397,0.012300294232569342,1.6731484552437226
20250801,0.006563052288149982,0.006743052288149982,0.0038900068425371526,0.18000000000000005,50,1.7743449751869194,1.0655186405846193,0.0026730454456128294,1.6776208571018458
20250804,0.008852455498349577,0.009052455498349578,0.008044729775498416,0.19999999999999996,50,1.7900522851184817,1.074090450118879,0.0008077257228511613,1.6789759146213186
20250805,0.004499039929998869,0.00465903992999887,0.0024455519136337145,0.16000000000000003,50,1.7981058018260154,1.076717194074583,0.002053488016365155,1.6824236715417593
20250806,0.002914763306359709,0.003074763306359709,0.00028705585229782393,0.16000000000000003,50,1.8033468546381304,1.0770262720464119,0.0026277074540618853,1.68684458876436
20250807,0.003137658410493831,0.003337658410493831,-0.0023572022613742583,0.19999999999999996,50,1.8090051410636234,1.0744875032823846,0.00549486067186809,1.6961135647547148
20250808,0.00911282187948755,0.009352821879487551,0.004273773803145531,0.24,50,1.8254902826932136,1.0790796198257202,0.00483904807634202,1.7043211398374987
20250811,-0.001975009365561178,-0.0017950093655611777,0.005170295984199713,0.18000000000000005,50,1.8218849222881535,1.0846587808507369,-0.0071453053497608915,1.6921432448793072
20250812,-0.004125346401065082,-0.003985346401065082,0.00790390482687342,0.14,50,1.8143690158808372,1.0932318206242135,-0.012029251227938503,1.671788028672995
20250813,-0.027257485136397763,-0.027017485136397762,-0.0007816208179632911,0.24,50,1.7649138793985246,1.0923773278743538,-0.02647586431843447,1.6275259956566657
20250814,0.02511798009862282,0.02539798009862282,0.006958548113727536,0.28,50,1.8092449510970399,1.0999786880687126,0.018159431984895284,1.6570809432784417
20250815,0.021726457747784693,0.021986457747784693,0.008818677858427604,0.26,50,1.8485534350824424,1.1096790457699264,0.01290777988935709,1.678470179353128
20250818,0.009069073605318233,0.009389073605318233,-0.003783165709871472,0.31999999999999995,50,1.865318102248569,1.1054809460550068,0.012852239315189706,1.700042279781584
20250819,0.009859314146431732,0.010139314146431733,0.011370458515621573,0.28,50,1.8837088594016635,1.1180507712919354,-0.0015111443691898409,1.6974732704631073
20250820,0.005224180883797169,0.005524180883797169,0.0039038526937729134,0.30000000000000004,50,1.893549695215589,1.1224154768072183,0.0013203281900242558,1.6997144922739125
20250821,-0.0016471288629187183,-0.0014071288629187184,0.020971435942042538,0.24,50,1.8904307748592284,1.145954141079438,-0.022618564804961255,1.6612693898804831
20250822,0.0017407988044522017,0.0020007988044522017,0.02083692277864846,0.26,50,1.893721634492003,1.1698322990249828,-0.019096123974196258,1.629545583656788
20250825,0.002967310233738145,0.0032073102337381453,-0.0037212743328440823,0.24,50,1.8993408940778824,1.165479032116889,0.006688584566582227,1.640444937098177
20250826,-0.022971797158089852,-0.022811797158089852,-0.014927018327870134,0.16000000000000003,50,1.8557096203250603,1.1480819052437319,-0.008044778830219718,1.6272479203960686
20250827,0.0030930556538510826,0.0034930556538510828,0.017704778516881126,0.4,50,1.8614494334581126,1.168408441095311,-0.014611722863030044,1.6034710247537993
20250828,-0.005256501530850696,-0.004976501530850696,0.00738770396941435,0.28,50,1.851664721661539,1.177040296773488,-0.012644205500265047,1.5831964076030918
20250829,0.010939055182735842,0.011179055182735842,0.005993649960034597,0.24,50,1.8719201842317195,1.1840950643012036,0.0049454052227012445,1.5910259553858137
20250901,0.0004029526862636248,0.0006229526862636248,-0.00735199469302994,0.21999999999999997,50,1.872674479498427,1.1753896036724183,0.007754947379293564,1.6033642779489208
20250902,-0.01870164100049602,-0.01844164100049602,-0.006819624069982377,0.26,50,1.8376523936720566,1.1673738884396068,-0.011882016930513644,1.584313076452551
20250903,0.005539985851149555,0.005719985851149556,-0.021216303869546982,0.18000000000000005,50,1.8478329619323308,1.1426065292930974,0.026756289720696536,1.6267034161344036
20250904,0.020951613341966466,0.021131613341966466,0.021789657928137807,0.18000000000000005,50,1.8865480436712776,1.1675035347128506,-0.0008380445861713402,1.6253401661432059
20250905,0.025643644651292825,0.025803644651292826,0.0016250834104036826,0.16000000000000003,50,1.9349260113207756,1.1694008253387,0.024018561240889143,1.6643784984609935
20250908,-0.004766174614850786,-0.004546174614850787,-0.007009375761109604,0.21999999999999997,50,1.925703816084004,1.1612040555385494,0.0022432011462588178,1.6681120342165496
20250909,0.0019805167505024036,0.0022205167505024038,0.0020527433658958927,0.24,50,1.929517704748265,1.1635877094600076,-7.222661539348909e-05,1.6679915521302209
20250910,0.013006321185764166,0.013226321185764165,0.02309587678617797,0.21999999999999997,50,1.9546136317498393,1.190461787827607,-0.010089555600413806,1.6511622586239825
20250911,-0.0043792193100535256,-0.004119219310053526,-0.0057247806717385386,0.26,50,1.9460539499899867,1.1836466551942082,0.001345561361685013,1.6533839987610595
20250912,0.00030118218448186543,0.0005611821844818655,0.002445312890452467,0.26,50,1.946640066769764,1.1865410416178956,-0.0021441307059706016,1.6498389273605554
20250915,0.010165480468819781,0.010445480468819782,-0.0021440283647959912,0.28,50,1.9664285983483343,1.1839970639686723,0.012309508833615772,1.6701476342109434
20250916,0.006544430708914914,0.0067044307089149146,0.006120769210039123,0.16000000000000003,50,1.9792977540542536,1.1912440367425885,0.00042366149887579103,1.670855211460997
20250917,-0.011094682504162087,-0.010834682504162087,-0.011626836427765741,0.26,50,1.9573380738918205,1.177393637181831,0.0005321539236036541,1.6717443636175495
20250918,-0.004216537046733901,-0.003996537046733901,0.0008471337622097952,0.21999999999999997,50,1.949084885390273,1.1783910470832988,-0.005063670808943696,1.6632792004834833
20250919,-0.005643992764185923,-0.0053639927641859235,0.004595484215122125,0.28,50,1.938084264400346,1.1838063245394113,-0.010239476979308049,1.6462480913999709
20250922,-0.012527725113690824,-0.012367725113690824,-0.0006257230341430997,0.16000000000000003,50,1.9138044774887688,1.1830655896541826,-0.011902002079547724,1.6266544431926768
20250923,0.020804064454752105,0.021164064454752104,0.010242250609604042,0.36,50,1.9536193891922382,1.1951828439110197,0.010561813845148062,1.6438348646120606
20250924,-0.01381556519771912,-0.01365556519771912,0.006004440404209221,0.16000000000000003,50,1.9266290331493248,1.2023592480694167,-0.019820005601928342,1.6112540483868045
20250925,-0.002422189962871632,-0.0021221899628716323,-0.00945660568359008,0.30000000000000004,50,1.9219623716430534,1.1909890107704064,0.007034415720718448,1.622588279194848
20250926,0.006555169323408195,0.006755169323408194,0.015385351809531267,0.19999999999999996,50,1.934561160422393,1.2093127957023948,-0.008830182486123071,1.6082605285897131
20250929,-0.005907370561973712,-0.005667370561973712,0.00446763292402208,0.24,50,1.9231329907729762,1.214715561363916,-0.010375003485995793,1.5915748199992055
20250930,-0.00528639548120925,-0.005146395481209249,0.014822892311246116,0.14,50,1.9129665492207895,1.232721159318808,-0.020109287792455365,1.5595693839006162
20251009,0.012514295386622949,0.01271429538662295,-0.019672630662990076,0.19999999999999996,50,1.936905977682467,1.2084702912410763,0.03218692604961303,1.609767128329466
20251010,-0.008543130718557355,-0.008423130718557355,-0.004950491939920476,0.12,50,1.9203587367255706,1.202487768804654,-0.0035926387786368794,1.6039838165196545
20251013,0.0033655847957334097,0.0035255847957334097,-0.011953495211176945,0.16000000000000003,50,1.926821866892248,1.1881138370187487,0.015319080006910355,1.6285553729347084
20251014,0.012040728518884351,0.012160728518884351,0.014809990358365388,0.12,50,1.9500222058957477,1.2057097914896369,-0.002769261839481037,1.6240454766869585
20251015,-0.0067855404039912194,-0.006625540403991219,0.0026342035633508676,0.16000000000000003,50,1.9367902514289619,1.2088858765187458,-0.009419743967342086,1.6087473841052473
20251016,-0.01081116552169525,-0.010631165521695251,-0.02255906985368905,0.18000000000000005,50,1.9158512914399577,1.1816145355852212,0.0117479043319938,1.6276467944680613
20251017,0.010878023929324333,0.011198023929324332,0.005313326102133198,0.31999999999999995,50,1.9366919676332683,1.1878928389398062,0.005564697827191135,1.6367041570486722
20251020,0.04156025682046347,0.04170025682046347,0.015347735117563044,0.14,50,2.0171813831902354,1.2061243035799043,0.026212521702900428,1.6796063002865378
20251021,0.005597020778029876,0.005817020778029876,-0.003320730623673107,0.21999999999999997,50,2.0284715893050063,1.2021190896690501,0.008917751401702983,1.6945846117252272
20251022,-0.0006387554339062661,-0.00045875543390626604,0.002999344593550113,0.18000000000000005,50,2.0271758920548133,1.2057246590614523,-0.003638100027456379,1.6884195434027827
20251023,-0.00026601733416406806,-0.00012601733416406802,0.011796511885009409,0.14,50,2.026636628128127,1.2199480043321196,-0.012062529219173477,1.668052933326263
20251024,0.002599103977471975,0.002719103977471975,0.011872743557892473,0.12,50,2.0319040674491853,1.2344321341415176,-0.009273639580420498,1.652584011621532
20251027,-0.002475490763142016,-0.002195490763142016,-0.005098707625962318,0.28,50,2.026874107698624,1.2281381256054373,0.0026232168628203016,1.656919097868045
20251028,0.015059437007393189,0.015219437007393189,0.011906462377341054,0.16000000000000003,50,2.0573976906454274,1.2427609059921367,0.003152974630052135,1.6621433217476718
20251029,-0.007656051643243986,-0.007476051643243986,-0.00798822571402924,0.18000000000000005,50,2.0416461476751553,1.2328334513665,0.0003321740707852537,1.6626954426610854
20251030,0.013958398517992845,0.014118398517992846,-0.014701636612666436,0.16000000000000003,50,2.07014425823713,1.2147087819605704,0.028660035130659282,1.710348352459339
20251031,0.007483478174006493,0.007703478174006493,0.0027442603301301993,0.21999999999999997,50,2.085636137610692,1.2180422590835656,0.004739217843876294,1.7184540658905587
20251103,-0.00016536941445861576,5.463058554138422e-05,-0.0074577253445586855,0.21999999999999997,50,2.0852912371838417,1.2089584344572546,0.007292355930100069,1.7309856445885605
20251104,0.011750364159644509,0.012010364159644508,0.0018529027329989844,0.26,50,2.1097941685996675,1.2111985168445427,0.009897461426645524,1.748118008235953
20251105,-0.0031072404302591285,-0.0028672404302591283,0.01429490516735954,0.24,50,2.10323853085947,1.228512484781682,-0.017402145597618667,1.7176970041348119
20251106,-0.0011080092979124,-0.0009680092979124,-0.0031126241188909054,0.14,50,2.10090812301155,1.224688587191192,0.0020046148209785057,1.7211403250072508
20251107,0.0034455012204186878,0.0036055012204186877,0.003474463421602847,0.16000000000000003,50,2.1081468045133738,1.2289437228902422,-2.8962201184159174e-05,1.7210904769948916
20251110,0.006958647514069499,0.007178647514069499,-0.009134129265100266,0.21999999999999997,50,2.1228166550338945,1.2177183920658292,0.016092776779169767,1.7487876018579254
20251111,0.002583724648167265,0.002723724648167265,-0.001345094021268145,0.14,50,2.1283014287490456,1.2160804463370731,0.0039288186694354105,1.7556582712369821
20251112,0.003435906140981011,0.003555906140981011,0.012089327039823683,0.12,50,2.135614072697943,1.2307820405595769,-0.008653420898842672,1.7404658212614341
20251113,-0.010210590156031233,-0.010030590156031234,-0.01572370046595184,0.18000000000000005,50,2.113808192670172,1.211429592414945,0.005513110309920606,1.750061201324695
20251114,-0.010807651488110772,-0.010607651488110771,-0.006500948826135278,0.19999999999999996,50,2.0909628904110793,1.2035541506281895,-0.004306702661975494,1.7425242080903298
20251117,-0.01699599095677496,-0.01681599095677496,-0.006493988487517255,0.18000000000000005,50,2.055424904034701,1.1957382838299064,-0.010502002469257705,1.724224214554224
20251118,-0.012908425300272202,-0.012708425300272202,0.004399858079545238,0.19999999999999996,50,2.0288926052006495,1.200999362579037,-0.017308283379817442,1.6943808532383762
20251119,-0.010841426049820389,-0.010621426049820389,-0.005087709976273946,0.21999999999999997,50,2.0068965160583394,1.194889026140545,-0.005753716073546442,1.684631866888389
20251120,-0.04151731771633781,-0.041357317716337806,-0.024390352898410628,0.16000000000000003,50,1.923575555777334,1.1657452611185388,-0.01712696481792718,1.6557792361730326
20251121,0.01243594117219981,0.012675941172199811,-0.0012483811999961514,0.24,50,1.9474970282292623,1.164289966650574,0.013684322372195962,1.6784374530180126
20251124,0.010195573817117068,0.010295573817117067,0.009522582019015013,0.09999999999999998,50,1.96735287793919,1.1753770133519204,0.0006729917981020545,1.6795670276575212
20251125,-0.009582319418988777,-0.009462319418988776,0.006061992586102516,0.12,50,1.9485010742529099,1.182502140092735,-0.015644312005091292,1.6532913570433831
20251126,-0.0017753657921242881,-0.001675365792124288,-0.0004920283896928668,0.09999999999999998,50,1.9450417720997637,1.1819203154689366,-0.0012833374024314214,1.6511696264077727
20251127,0.0027074106825690893,0.0028474106825690892,0.0024934431651024713,0.14,50,1.9503077989715898,1.1848673666012384,0.00021396751746661797,1.6515229230736514
20251128,0.031070575609158307,0.031150575609158307,0.0110067869884507,0.07999999999999996,50,2.0109049849006677,1.1979089493149848,0.020063788620707606,1.6846587299044542
20251201,-0.01972711124593203,-0.01958711124593203,-0.004840155074452679,0.14,50,1.9712356385585328,1.1921108842352257,-0.014886956171479351,1.6595792892284664
20251202,-0.012570336199629883,-0.012470336199629884,-0.005112953160864575,0.09999999999999998,50,1.94645654385316,1.1860156771215742,-0.007457383038765308,1.647203170785488
20251203,-0.0230912913718309,-0.0230112913718309,0.0034247701514389384,0.07999999999999996,50,1.9015103486564398,1.1900775082117188,-0.026516061523269838,1.603525830167615
20251204,0.020630447115233895,0.020730447115233894,0.00835144516969999,0.09999999999999998,50,1.9407393573434664,1.200016375269242,0.012279001945533906,1.623215526955957
20251205,0.0047347475689191575,0.004814747568919158,0.008118093849742936,0.07999999999999996,50,1.9499282682975543,1.2097582208249062,-0.003383346280823778,1.617723626739855
20251208,-0.0206876115401462,-0.0206076115401462,-0.005091421450446942,0.07999999999999996,50,1.9095889097518646,1.2035988318695439,-0.015596190089699258,1.5924933015446225
20251209,-0.005459033050115045,-0.005379033050115045,-0.0013909503131558365,0.07999999999999996,50,1.899164400781396,1.2019246856974408,-0.004068082736959209,1.5860149070358855
20251210,0.0285128703264157,0.0286128703264157,-0.008633273294054389,0.09999999999999998,50,1.9533150290694208,1.1915481414069444,0.037146143620470085,1.644929244556847
20251211,0.0014207448241494382,0.0015807448241494382,0.006318987752869765,0.16000000000000003,50,1.9560901912869044,1.1990775195194496,-0.004898242928720327,1.6368719815164512
20251212,0.00012145524520516005,0.00036145524520516005,-0.006306639452515306,0.24,50,1.9563277687007306,1.1915153699282242,0.006428094697720466,1.6473939496216843
20251215,0.003707555128851701,0.003847555128851701,-0.01197372283965692,0.14,50,1.963580961753292,1.1772484951295124,0.01568127796850862,1.6732271920693413
20251216,0.003759200781504111,0.003959200781504111,0.01830339132077219,0.19999999999999996,50,1.9709624568392616,1.198796135017658,-0.014544190539268078,1.6488914569724005
20251217,0.011079238714261842,0.011279238714261843,-0.005913349163459758,0.19999999999999996,50,1.9927992203954317,1.1917072348954925,0.0169925878777216,1.6769103899558282
20251218,0.019487200471466005,0.019747200471466005,0.003379354464773998,0.26,50,2.0316332983026584,1.19573443606044,0.016107846006692007,1.7039218042842583
20251219,0.006464012343898178,0.006664012343898178,0.009510443561734139,0.19999999999999996,50,2.0447658010211613,1.2071064009294148,-0.0030464312178359607,1.6987309237069352
20251222,-0.017757198572099682,-0.01761719857209968,0.001975573244433315,0.14,50,2.00845648865899,1.2094911280382752,-0.019732771816532997,1.665210254011738
20251223,0.0017296533957423233,0.0018296533957423233,0.0028836327110881577,0.09999999999999998,50,2.0119304222447996,1.2129788562188573,-0.0011539793153458344,1.6632886358229064
20251224,0.0021161247004244025,0.0022361247004244024,0.0018293035828247373,0.12,50,2.0161879179068474,1.215197762786429,0.0002868211175996653,1.663765702128324
20251225,-0.009239010145170168,-0.009159010145170168,0.0031672992843112535,0.07999999999999996,50,1.9975603372787365,1.219046657790799,-0.012406309429481422,1.6431245100095617
20251226,-0.01699846838195071,-0.01691846838195071,-0.0038365856172325463,0.07999999999999996,50,1.9636048710444651,1.2143696809167834,-0.013161882764718164,1.6214978978409809
20251229,0.006330847302544895,0.0064708473025448954,0.0025670930770997913,0.14,50,1.976036153645581,1.2174870809177047,0.003763754225445104,1.6276008174055303
20251230,-0.0034700574235399114,-0.0033900574235399116,-0.0045884770946363895,0.07999999999999996,50,1.9691791947214399,1.211900669333898,0.0011184196710964781,1.6294211581764093
20251231,0.016003424913320793,0.016243424913320793,0.018964869843331567,0.24,50,2.0006928061050377,1.234884207790862,-0.002961444930010774,1.6245957171486753
20260105,0.012957251398460096,0.013237251398460097,0.0154624909095884,0.28,50,2.0266162857648315,1.2539785936282224,-0.002505239511128304,1.6205257157684645
20260106,-0.004054800360773126,-0.003934800360773125,-0.0029281771254092703,0.12,50,2.0183987613181635,1.2503067221946074,-0.0011266232353638553,1.618699993843575
20260107,0.012879053148879062,0.013179053148879061,-0.008167245026855396,0.30000000000000004,50,2.044393826240812,1.2400951608357196,0.02104629817573446,1.6527676365710664
20260108,0.0032715421892741325,0.0034715421892741326,0.004489247588721934,0.19999999999999996,50,2.0510821468948506,1.245662255046287,-0.0012177053994478016,1.6507550524959813
20260109,0.014971464336229411,0.015131464336229411,0.006512693284052684,0.16000000000000003,50,2.0817898501077634,1.253774871248925,0.008458771052176727,1.6647184115482687
20260112,0.0021227773829778918,0.002322777382977892,-0.006029981113445548,0.19999999999999996,50,2.086209026517685,1.2462146324547814,0.00815275849642344,1.6782904587221712
20260113,0.005520118669463086,0.0057401186694630854,-0.004012113003053819,0.21999999999999997,50,2.097725147913368,1.2412146785233136,0.009532231672516905,1.6942883121884855
20260114,-0.005742877567923087,-0.005522877567923088,0.0020031292739712825,0.21999999999999997,50,2.085678169217748,1.2437009919811466,-0.00774600684189437,1.6811643433301318
20260115,-0.004390758451402015,-0.004210758451402015,-0.0041159193929286575,0.18000000000000005,50,2.0765204601693505,1.2385820189492467,-0.0002748390584733579,1.680702293704872
20260116,0.004781433532139265,0.004961433532139265,0.0005458303951026977,0.18000000000000005,50,2.0864492047277774,1.2392580746620168,0.004235603137036567,1.6878210816125128
20260119,0.009710829343033679,0.009850829343033678,-0.003290219893497426,0.14,50,2.106710356887797,1.2351806430915864,0.013001049236531104,1.7097645265970123
20260120,0.006472709482659793,0.006692709482659793,0.0008881348113625176,0.21999999999999997,50,2.1203464809920423,1.236277650019037,0.005584574671297276,1.7193128342661286
20260121,0.021831036769742265,0.021971036769742266,0.00013548393489548616,0.14,50,2.1666358429831734,1.236445145779685,0.02169555283484678,1.7566142767015795
20260122,0.006956616179972794,0.0070766161799727945,-0.004490644862106263,0.12,50,2.181708296944579,1.2308927097385132,0.011447261042079057,1.7767226988772253
20260123,0.00026531864613556623,0.00034531864613556617,0.0009500060031939483,0.07999999999999996,50,2.1822871448361876,1.2320620652020524,-0.0006846873570583821,1.7755061993083054
20260126,-0.012234083502964914,-0.012014083502964915,-0.0002702803760555872,0.21999999999999997,50,2.155588861678815,1.2317290630037458,-0.011963803126909327,1.7542643926891737
20260127,-0.0013415780454967229,-0.0012215780454967228,0.0026137708381157587,0.12,50,2.1526969709868693,1.2349485205090847,-0.003955348883612482,1.7473256649819895
20260128,-0.007836231470528246,-0.007676231470528245,0.00760457087734423,0.16000000000000003,50,2.1358279392363113,1.2443397740631674,-0.015440802347872476,1.7203455547516378
20260129,0.00027471901114518594,0.00039471901114518593,-0.009998086401063921,0.12,50,2.1364146917757547,1.2318987574898035,0.010272805412209107,1.7380183298773604
20260130,-0.02319210287918058,-0.02303210287918058,-0.021324468242318484,0.16000000000000003,50,2.0868667424514986,1.2056291715579606,-0.0018676346368620977,1.7347723466449803
20260202,0.015025479370657572,0.015165479370657571,0.011751571039204878,0.14,50,2.118222915639515,1.2197972084144617,0.003273908331452694,1.7404518322838352
20260203,-0.0007828822669113843,-0.0006628822669113843,0.008277877887535423,0.12,50,2.1165645964814956,1.2298945407532733,-0.009060760154446807,1.7246820156711438
20260204,-0.009060227498302358,-0.008940227498302358,-0.006015387460044153,0.12,50,2.097388039722521,1.2224962485556492,-0.0030448400382582057,1.7194306348165644
20260205,0.008778752110077495,0.008858752110077495,-0.005743146631732476,0.07999999999999996,50,2.1158004894018863,1.2154752733434513,0.014521898741809971,1.7444000323889364
20260206,0.008488841295242943,0.008608841295242944,0.01625033737324122,0.12,50,2.133761183968816,1.2352271566041149,-0.007761496077998276,1.7308608783790895
20260209,-0.005875768635849352,-0.005735768635849352,0.001110328021331597,0.14,50,2.121223696927659,1.2365986639288022,-0.006986096657180949,1.7187689169826001
20260210,-0.002277240639487328,-0.002137240639487328,-0.0022177062756191246,0.14,50,2.1163931601195722,1.233856251311385,-5.953436386820334e-05,1.718666591168491
20260211,-0.003285448601137404,-0.003125448601137404,0.0012218332122886366,0.16000000000000003,50,2.1094398591722006,1.2353638178584272,-0.00450728181342604,1.7109200764987744
20260212,-0.0017890605289228498,-0.0016090605289228498,-0.012537646374315758,0.18000000000000005,50,2.1056659435820193,1.2198752631664935,0.010748585845392908,1.7293100478156276
20260213,0.014591012371701536,0.014771012371701536,0.010114656114909693,0.18000000000000005,50,2.136389741415495,1.2322138819565076,0.004476356256791844,1.7370510556681
20260224,0.007911864256682166,0.008031864256682167,0.006020506659098812,0.12,50,2.153292567048943,1.2396324338382607,0.001891357597583354,1.7403364403796282
20260225,-0.0019575298132370887,-0.0018175298132370888,-0.0019028963916318808,0.14,50,2.149077432652323,1.2372735417529601,-5.463342160520789e-05,1.740241359845146
20260226,-0.004024167075868172,-0.003804167075868172,-0.0034329242419604,0.21999999999999997,50,2.140429186004352,1.2330260754175402,-0.0005912428339077723,1.7392124546118677
20260227,-0.026424610991107208,-0.026284610991107207,0.003825780276590196,0.14,50,2.083869177410175,1.2377433622573941,-0.030250391267697404,1.6866005973622065
20260302,-4.386612548596948e-05,0.0001361338745140306,-0.015389658924727434,0.18000000000000005,50,2.083777766143342,1.2186949140759076,0.015345792799241465,1.7124828206644038
20260303,-0.01058575073873587,-0.010365750738735871,-0.01144172844746838,0.21999999999999997,50,2.0617194141160287,1.2047509378087402,0.0008559777087325093,1.7139486677854798
20260304,0.016756198466301237,0.016936198466301237,0.00979167386817359,0.18000000000000005,50,2.096265993800783,1.2165474660841398,0.006964524598127648,1.7258855054421998
20260305,0.0048016248366547715,0.004941624836654772,0.0027426300464266085,0.14,50,2.106331476660851,1.2198840057175262,0.002058994790228163,1.7294390947064353
20260306,-0.017589169034487342,-0.017489169034487342,-0.009652288121355102,0.09999999999999998,50,2.069282856275202,1.2081093338197078,-0.00793688091313224,1.715712742565235
20260309,0.009056826624608418,0.009196826624608417,0.012848375450559502,0.14,50,2.0880239923417614,1.2236315761259486,-0.003791548825951084,1.7092075339304924
20260310,-0.00031391311829032743,-0.00011391311829032746,0.0063617649194198655,0.19999999999999996,50,2.0873685342192605,1.231416032561241,-0.006675678037710193,1.6977974147343438
20260311,-0.011165115958413947,-0.011025115958413947,-0.0035999181123742563,0.14,50,2.0640628224867577,1.226983035681756,-0.007565197846039691,1.6849532413893837
20260312,-0.004685957977421094,-0.004605957977421094,-0.003929570950994221,0.07999999999999996,50,2.0543907108378274,1.2221615187873782,-0.0007563870264268727,1.683678764617461
20260313,-0.00792030109857861,-0.00772030109857861,0.000518103976321127,0.19999999999999996,50,2.0381193178338686,1.2227947255299687,-0.008438405074899737,1.6694712011856119
20260316,-0.01666704706388522,-0.01650704706388522,-0.007303750047816027,0.16000000000000003,50,2.004149887241718,1.21386373849491,-0.009363297016069194,1.6538394464691373
20260317,-0.0045472623280733825,-0.004427262328073382,0.004505331304397675,0.12,50,1.995036491959651,1.2193325967952244,-0.009052593632471058,1.6388679100269015
20260318,-0.03565763854143084,-0.03551763854143084,-0.01611763471408778,0.14,50,1.9238982018523896,1.199679839405099,-0.019540003827343062,1.606844424792466
20260319,-0.012042427509777546,-0.011922427509777546,-0.0035418526381852944,0.12,50,1.9007297972203907,1.1954307502009243,-0.008500574871592252,1.593185323452517
20260320,-0.05493521427935447,-0.05483521427935447,-0.032629782335646285,0.09999999999999998,50,1.7963127985229346,1.1564241050245299,-0.02230543194370819,1.5576486366465323
20260323,0.029035188239461888,0.02917518823946189,0.01283959647687416,0.14,50,1.8484690787650027,1.1712721238891752,0.016195591762587728,1.582875678075211
20260324,0.01056806878937119,0.01070806878937119,0.014021696630834857,0.14,50,1.8680038271444168,1.1876953462825028,-0.003453627841463667,1.5774090145638346
20260325,-0.010770707939387504,-0.010690707939387504,-0.013208100134136647,0.07999999999999996,50,1.8478841034925861,1.1720081472199555,0.002437392194749142,1.5812537789838594
20260326,0.006753667658809432,0.006913667658809432,0.005591358618961317,0.16000000000000003,50,1.860364098599572,1.1785612650754067,0.0011623090398481147,1.5830916845454663
20260327,-0.013883675543727231,-0.013723675543727231,-0.002358608632785697,0.16000000000000003,50,1.8345354070614168,1.175781500301333,-0.011525066910941534,1.5648464469549246
20260330,-0.00020380957235727393,-3.8095723572739714e-06,-0.009327953338750472,0.19999999999999996,50,1.8341615111846292,1.1648138653299562,0.009124143766393198,1.5791243309092708
20260331,0.015134654796401708,0.015234654796401707,0.0170823950197585,0.09999999999999998,50,1.861920912497255,1.1847116759020144,-0.001947740223356793,1.5760486069322774
20260401,0.01644683224288142,0.01654683224288142,-0.010418030065309614,0.09999999999999998,50,1.8925436133946103,1.172369314043744,0.026864862308191035,1.6183889357485295
20260402,-0.027266772527077484,-0.027126772527077483,-0.008512152532686557,0.14,50,1.8409400571906063,1.1623899276179623,-0.018754619994390927,1.588036666255439
20260403,0.002552066055413873,0.002712066055413873,-3.88894865052114e-05,0.16000000000000003,50,1.845638257820614,1.1623447228705583,0.0025909555419190845,1.5921511986566441
20260407,0.04026727078238877,0.040367270782388776,0.03489150897571358,0.09999999999999998,50,1.919957073314613,1.2029006842014698,0.005375761806675192,1.6007102242608346
20260408,-0.02371496723126403,-0.02353496723126403,-0.006382753251184425,0.18000000000000005,50,1.8744253542355234,1.1952228659485309,-0.017332213980079603,1.5729663721338447
20260409,0.01907886630735703,0.01915886630735703,0.015404808135002224,0.07999999999999996,50,1.9101872649721034,1.2136350448770354,0.003674058172354805,1.5787455420882226
20260410,-0.010818270012903527,-0.010638270012903527,0.002068147209394633,0.18000000000000005,50,1.8895223433644257,1.2161450208083213,-0.01288641722229816,1.5584011683450305
20260413,0.00756176981847396,0.00770176981847396,0.011865532843009508,0.14,50,1.9038104763918111,1.2305752294945849,-0.004303763024535548,1.5516941790193142
20260414,0.004362426384853802,0.004442426384853802,-0.003411259779961817,0.07999999999999996,50,1.912115709445784,1.2263774177079927,0.007773686164815619,1.5637565625907817
20260415,0.010763533145881698,0.010863533145881697,0.010962347679302376,0.09999999999999998,50,1.9326968302631649,1.2398213933469528,-0.0001988145334206777,1.5634456650594066
20260416,0.0335927211972569,0.0337127211972569,-0.0016754818010366046,0.12,50,1.9976213760410175,1.2377440951658643,0.0352682029982935,1.618585584151524
20260417,0.007051256915185167,0.007191256915185167,0.006084224584341991,0.14,50,2.011707117582749,1.2452748082187965,0.0009670323308431763,1.6201508087416354
20260420,-0.015806583392273525,-0.015686583392273527,0.0022186503212999753,0.12,50,1.979908901267847,1.248037637572158,-0.0180252337135735,1.5909472117628325
20260421,0.010670885940040729,0.010850885940040729,0.006633812898791724,0.18000000000000005,50,2.0010362833249475,1.2563168857504619,0.004037073041249005,1.5973699818614904
20260422,-0.020827569058183948,-0.02070756905818395,-0.002770986162049738,0.12,50,1.9593595619460655,1.252835649044898,-0.01805658289613421,1.5685269383682119
20260423,-0.015984882970166512,-0.01582488297016651,-0.003543113317804214,0.16000000000000003,50,1.928039428651881,1.248396710371747,-0.012441769652362298,1.5490116875075095
20260424,-0.013502091158534424,-0.013342091158534424,0.0003308823591079424,0.16000000000000003,50,1.9020068645289747,1.2488097828203775,-0.013832973517642367,1.5275842498556997
20260427,-0.017406335343270588,-0.017266335343270586,-0.002670036004802201,0.14,50,1.8688998952197806,1.2454754157370977,-0.014736299338468387,1.5050733110850965
20260428,0.003487211231827747,0.003627211231827747,0.010957590906644388,0.14,50,1.875417143925553,1.2591228258270277,-0.007470379674816641,1.4938298420128573
20260429,0.009473041995443706,0.009633041995443707,-0.000631950278512261,0.16000000000000003,50,1.8931830492889345,1.2583271228065651,0.010104992273955967,1.508924981025002
20260430,0.0045783851158858035,0.004738385115885804,0.014516714129485075,0.16000000000000003,50,1.9018507703834464,1.2765938979297256,-0.009938329013599272,1.4939287881067365
20260506,0.010187225776180121,0.01028722577618012,0.0048013435543941,0.09999999999999998,50,1.9212253535739447,1.2827232638131292,0.005385882221786022,1.5019749126072148
20260507,0.014496945885421865,0.014576945885421865,-0.005835637753443534,0.07999999999999996,50,1.9490772535584067,1.2752377555076009,0.0203325836388654,1.5325139431412786
20260508,-0.010229009957290956,-0.010149009957290955,0.016405139649273703,0.07999999999999996,50,1.9291401229242284,1.2961582089727295,-0.02663414960656466,1.4916967375055075
20260511,-0.008814476714638038,-0.008694476714638038,-0.0007653927837600882,0.12,50,1.9121357622314388,1.2951661388329703,-0.00804908393087795,1.4796899452659087
20260512,0.009850770270510307,0.009930770270510307,0.010164657910955333,0.07999999999999996,50,1.9309717723512079,1.3083310595720603,-0.0003138876404450257,1.4792254888803988
20260513,-0.0193867423041148,-0.0193067423041148,-0.016754476789772044,0.07999999999999996,50,1.8935365202041152,1.2864106572011225,-0.0026322655143427576,1.4753317746380823
20260514,-0.003668438905807365,-0.003548438905807365,-0.011192046648137222,0.12,50,1.8865901971638313,1.2720130891170667,0.007523607742329857,1.4864315922002547
20260515,-0.017019044468801686,-0.016959044468801684,-0.005364441345053539,0.06000000000000005,50,1.8544822347038947,1.2651894495103577,-0.011654603123748147,1.4691078219225597
20260518,0.026276758249097275,0.026376758249097274,0.004005256041260452,0.09999999999999998,50,1.9032120160624546,1.2702568571963482,0.022271502207836823,1.5018270600220582
20260519,-0.02192462010287716,-0.02182462010287716,-0.0004498768896807892,0.09999999999999998,50,1.8614848156350543,1.269685397992337,-0.02147474321319637,1.4695757095574549
20260520,-0.03111404383725702,-0.030994043837257023,-0.013936627703218019,0.12,50,1.803566495478997,1.2519902653003057,-0.017177416134039003,1.4443321960539108
20260521,-0.0013640655096992303,-0.0012840655096992303,0.012961893146399506,0.07999999999999996,50,1.8011063126280649,1.2682184293394605,-0.014325958656098736,1.42364075272757
